balls,strikes,outs_when_up,base_state,expected_runs,sample_size
0,0,0,000,0.49728683894498066,44966
0,0,0,001,1.263157894736842,285
0,0,0,010,1.1188348229063223,3021
0,0,0,011,1.998165137614679,545
0,0,0,100,0.8872843210802701,10664
0,0,0,101,1.8223185265438786,923
0,0,0,110,1.571897810218978,2740
0,0,0,111,2.428763440860215,744
0,0,1,000,0.26584410017757637,32662
0,0,1,001,0.8974358974358975,1365
0,0,1,010,0.6580310880829016,4439
0,0,1,011,1.3958493466564181,1301
0,0,1,100,0.5191592685332727,13179
0,0,1,101,1.215609756097561,2050
0,0,1,110,0.9572794899043571,4705
0,0,1,111,1.5984943538268508,1594
0,0,2,000,0.10292249047013977,25971
0,0,2,001,0.33751622674167026,2311
0,0,2,010,0.3233202986135798,5626
0,0,2,011,0.6256263421617753,1397
0,0,2,100,0.22650673338729854,13589
0,0,2,101,0.4806763285024155,2898
0,0,2,110,0.4585734870317003,5552
0,0,2,111,0.7524446731857951,1943
0,1,0,000,0.46288527397260276,23360
0,1,0,001,1.236842105263158,152
0,1,0,010,1.044338335607094,1466
0,1,0,011,1.8740458015267176,262
0,1,0,100,0.7998440849736893,5131
0,1,0,101,1.6706443914081146,419
0,1,0,110,1.4306451612903226,1240
0,1,0,111,2.160458452722063,349
0,1,1,000,0.23850625330280079,17031
0,1,1,001,0.8452012383900929,646
0,1,1,010,0.5860957642725598,2172
0,1,1,011,1.3424878836833603,619
0,1,1,100,0.4689934559052664,6418
0,1,1,101,1.12012012012012,999
0,1,1,110,0.847114556416882,2322
0,1,1,111,1.4689922480620154,774
0,1,2,000,0.0894497125363996,13393
0,1,2,001,0.2828193832599119,1135
0,1,2,010,0.293408929836995,2822
0,1,2,011,0.5619335347432024,662
0,1,2,100,0.17779144878498923,6502
0,1,2,101,0.4251101321585903,1362
0,1,2,110,0.37206703910614525,2685
0,1,2,111,0.5993657505285412,946
0,2,0,000,0.4037546933667084,11985
0,2,0,001,1.013157894736842,76
0,2,0,010,0.9503267973856209,765
0,2,0,011,1.5974842767295598,159
0,2,0,100,0.7186477644492911,2751
0,2,0,101,1.4956521739130435,230
0,2,0,110,1.337442218798151,649
0,2,0,111,1.9150943396226414,212
0,2,1,000,0.20043448433569633,8746
0,2,1,001,0.7197802197802198,364
0,2,1,010,0.5043103448275862,1160
0,2,1,011,1.2317708333333333,384
0,2,1,100,0.40903503380454825,3254
0,2,1,101,1.0776699029126213,515
0,2,1,110,0.7183333333333334,1200
0,2,1,111,1.2470588235294118,425
0,2,2,000,0.059917648729234704,7043
0,2,2,001,0.21477663230240548,582
0,2,2,010,0.20543406229290923,1509
0,2,2,011,0.47580645161290325,372
0,2,2,100,0.13136486893642663,3319
0,2,2,101,0.3198707592891761,619
0,2,2,110,0.26937002172338886,1381
0,2,2,111,0.5495327102803739,535
1,0,0,000,0.5299366897799216,16585
1,0,0,001,1.28099173553719,121
1,0,0,010,1.1729857819905214,1266
1,0,0,011,2.052,250
1,0,0,100,0.9669336088865926,3871
1,0,0,101,1.9166666666666667,324
1,0,0,110,1.7115384615384615,1040
1,0,0,111,2.6214285714285714,280
1,0,1,000,0.29293428971885566,12129
1,0,1,001,0.9743589743589743,585
1,0,1,010,0.7262996941896025,1962
1,0,1,011,1.425,600
1,0,1,100,0.5686847599164927,4790
1,0,1,101,1.271186440677966,708
1,0,1,110,1.08130081300813,1722
1,0,1,111,1.6850921273031825,597
1,0,2,000,0.11483739837398374,9840
1,0,2,001,0.37549407114624506,1012
1,0,2,010,0.33513097072419107,2596
1,0,2,011,0.5971830985915493,710
1,0,2,100,0.265650406504065,4920
1,0,2,101,0.45384615384615384,1040
1,0,2,110,0.5062413314840499,2163
1,0,2,111,0.9118825100133512,749
1,1,0,000,0.4947960149162353,17967
1,1,0,001,1.4830508474576272,118
1,1,0,010,1.1739475774424146,1259
1,1,0,011,2.0090909090909093,220
1,1,0,100,0.8529176658673061,3753
1,1,0,101,1.7762237762237763,286
1,1,0,110,1.4885416666666667,960
1,1,0,111,2.4038461538461537,260
1,1,1,000,0.2586598094085615,13222
1,1,1,001,0.9021739130434783,552
1,1,1,010,0.6559959349593496,1968
1,1,1,011,1.3510848126232742,507
1,1,1,100,0.48862897985705,4617
1,1,1,101,1.0722543352601157,692
1,1,1,110,0.9278846153846154,1664
1,1,1,111,1.492091388400703,569
1,1,2,000,0.1001533448341959,10434
1,1,2,001,0.3343589743589744,975
1,1,2,010,0.3163103721298496,2526
1,1,2,011,0.5538922155688623,668
1,1,2,100,0.20704845814977973,4767
1,1,2,101,0.40627973358705993,1051
1,1,2,110,0.40728631480616534,2141
1,1,2,111,0.6834733893557423,714
1,2,0,000,0.4243454038997215,17950
1,2,0,001,1.1526717557251909,131
1,2,0,010,0.9652665589660743,1238
1,2,0,011,1.705128205128205,234
1,2,0,100,0.7804187889077533,3534
1,2,0,101,1.6597222222222223,288
1,2,0,110,1.4096638655462186,952
1,2,0,111,2.239130434782609,230
1,2,1,000,0.20850202429149797,12844
1,2,1,001,0.8097928436911488,531
1,2,1,010,0.5704918032786885,1830
1,2,1,011,1.18625678119349,553
1,2,1,100,0.42532909668633684,4406
1,2,1,101,0.9678899082568807,654
1,2,1,110,0.8290282902829028,1626
1,2,1,111,1.3797909407665505,574
1,2,2,000,0.06972494710521254,10398
1,2,2,001,0.26082130965593786,901
1,2,2,010,0.2554197871501774,2537
1,2,2,011,0.40772532188841204,699
1,2,2,100,0.14202115687598468,4443
1,2,2,101,0.32523148148148145,864
1,2,2,110,0.31324701195219123,2008
1,2,2,111,0.5450704225352113,710
2,0,0,000,0.5858250276854928,5418
2,0,0,001,1.1875,64
2,0,0,010,1.204,500
2,0,0,011,1.941747572815534,103
2,0,0,100,1.063391442155309,1262
2,0,0,101,2.008695652173913,115
2,0,0,110,1.8850574712643677,348
2,0,0,111,2.674698795180723,83
2,0,1,000,0.3524856357731701,4003
2,0,1,001,0.9638009049773756,221
2,0,1,010,0.7837150127226463,786
2,0,1,011,1.4538745387453875,271
2,0,1,100,0.6935791481246026,1573
2,0,1,101,1.4244897959183673,245
2,0,1,110,1.269949066213922,589
2,0,1,111,1.7554347826086956,184
2,0,2,000,0.14259981987391174,3331
2,0,2,001,0.39770114942528734,435
2,0,2,010,0.36515291936978683,1079
2,0,2,011,0.567741935483871,310
2,0,2,100,0.3094198378041173,1603
2,0,2,101,0.46153846153846156,325
2,0,2,110,0.5558659217877095,716
2,0,2,111,1.010600706713781,283
2,1,0,000,0.5297134574646003,8969
2,1,0,001,1.5,70
2,1,0,010,1.2604456824512535,718
2,1,0,011,1.875,120
2,1,0,100,0.9756613756613757,1890
2,1,0,101,1.9361702127659575,141
2,1,0,110,1.5698689956331877,458
2,1,0,111,2.5327868852459017,122
2,1,1,000,0.3121661721068249,6740
2,1,1,001,0.96,325
2,1,1,010,0.6604774535809018,1131
2,1,1,011,1.332155477031802,283
2,1,1,100,0.5892623308598866,2291
2,1,1,101,1.1837349397590362,332
2,1,1,110,0.9804878048780488,820
2,1,1,111,1.6734006734006734,297
2,1,2,000,0.12548800892359174,5379
2,1,2,001,0.3422459893048128,561
2,1,2,010,0.3188405797101449,1449
2,1,2,011,0.5672371638141809,409
2,1,2,100,0.25266297400937365,2347
2,1,2,101,0.4307400379506641,527
2,1,2,110,0.44514388489208634,1112
2,1,2,111,0.9093137254901961,408
2,2,0,000,0.4563538803821489,15282
2,2,0,001,1.4253731343283582,134
2,2,0,010,1.0857142857142856,1155
2,2,0,011,1.7241379310344827,203
2,2,0,100,0.8213483146067416,2670
2,2,0,101,1.7427385892116183,241
2,2,0,110,1.5151515151515151,759
2,2,0,111,1.8901734104046244,173
2,2,1,000,0.23591331269349844,11305
2,2,1,001,0.8831967213114754,488
2,2,1,010,0.6223250433776749,1729
2,2,1,011,1.1626016260162602,492
2,2,1,100,0.46102771362586603,3464
2,2,1,101,1.0614754098360655,488
2,2,1,110,0.8991466252909232,1289
2,2,1,111,1.4934782608695651,460
2,2,2,000,0.08909030617884381,9047
2,2,2,001,0.2335928809788654,899
2,2,2,010,0.25463743676222594,2372
2,2,2,011,0.44871794871794873,702
2,2,2,100,0.16421291053227632,3532
2,2,2,101,0.378419452887538,658
2,2,2,110,0.3360995850622407,1687
2,2,2,111,0.7282958199356914,622
3,0,0,000,0.7460024600246002,1626
3,0,0,001,1.2333333333333334,30
3,0,0,010,1.3256880733944953,218
3,0,0,011,2.2093023255813953,43
3,0,0,100,1.3423913043478262,368
3,0,0,101,1.6923076923076923,39
3,0,0,110,2.2448979591836733,98
3,0,0,111,2.5714285714285716,28
3,0,1,000,0.4394849785407725,1165
3,0,1,001,0.9473684210526315,95
3,0,1,010,0.9195046439628483,323
3,0,1,011,1.4324324324324325,148
3,0,1,100,0.8140900195694716,511
3,0,1,101,1.7524752475247525,101
3,0,1,110,1.5459770114942528,174
3,0,1,111,2.3947368421052633,38
3,0,2,000,0.1976284584980237,1012
3,0,2,001,0.4835164835164835,182
3,0,2,010,0.3645833333333333,480
3,0,2,011,0.6234567901234568,162
3,0,2,100,0.44956140350877194,456
3,0,2,101,0.6296296296296297,108
3,0,2,110,0.7161016949152542,236
3,0,2,111,1.1333333333333333,75
3,1,0,000,0.6707595659623072,3502
3,1,0,001,1.6,50
3,1,0,010,1.440625,320
3,1,0,011,2.1785714285714284,56
3,1,0,100,1.2153047989623864,771
3,1,0,101,2.018181818181818,55
3,1,0,110,1.936842105263158,190
3,1,0,111,2.9444444444444446,54
3,1,1,000,0.4022028104823395,2633
3,1,1,001,0.9795918367346939,147
3,1,1,010,0.7754716981132076,530
3,1,1,011,1.435374149659864,147
3,1,1,100,0.7617554858934169,957
3,1,1,101,1.3333333333333333,123
3,1,1,110,1.2716417910447761,335
3,1,1,111,1.8316831683168318,101
3,1,2,000,0.1656777727065267,2191
3,1,2,001,0.3888888888888889,252
3,1,2,010,0.3626707132018209,659
3,1,2,011,0.6190476190476191,189
3,1,2,100,0.33934252386002123,943
3,1,2,101,0.5753424657534246,219
3,1,2,110,0.6371490280777538,463
3,1,2,111,1.04,150
3,2,0,000,0.5586339477552866,8843
3,2,0,001,1.3214285714285714,112
3,2,0,010,1.2188328912466844,754
3,2,0,011,1.9411764705882353,136
3,2,0,100,1.0274485339987522,1603
3,2,0,101,1.7936507936507937,126
3,2,0,110,1.8057553956834533,417
3,2,0,111,2.2777777777777777,90
3,2,1,000,0.3171496862862265,6694
3,2,1,001,0.9159891598915989,369
3,2,1,010,0.740495867768595,1210
3,2,1,011,1.4766355140186915,321
3,2,1,100,0.6127110228401191,2014
3,2,1,101,0.9305555555555556,288
3,2,1,110,1.0495552731893265,787
3,2,1,111,1.7449392712550607,247
3,2,2,000,0.1306550850524792,5526
3,2,2,001,0.3075601374570447,582
3,2,2,010,0.3076923076923077,1573
3,2,2,011,0.44234800838574423,477
3,2,2,100,0.24687199230028875,2078
3,2,2,101,0.48058252427184467,412
3,2,2,110,0.49951409135082603,1029
3,2,2,111,0.8882978723404256,376
